-- phpMyAdmin SQL Dump
-- version 4.5.1
-- http://www.phpmyadmin.net
--
-- Servidor: 127.0.0.1
-- Tiempo de generación: 28-05-2024 a las 17:09:11
-- Versión del servidor: 10.1.10-MariaDB
-- Versión de PHP: 7.0.2

SET SQL_MODE = "NO_AUTO_VALUE_ON_ZERO";
SET time_zone = "+00:00";


/*!40101 SET @OLD_CHARACTER_SET_CLIENT=@@CHARACTER_SET_CLIENT */;
/*!40101 SET @OLD_CHARACTER_SET_RESULTS=@@CHARACTER_SET_RESULTS */;
/*!40101 SET @OLD_COLLATION_CONNECTION=@@COLLATION_CONNECTION */;
/*!40101 SET NAMES utf8mb4 */;

--
-- Base de datos: `historiaclinica`
--

-- --------------------------------------------------------

--
-- Estructura de tabla para la tabla `departamentos`
--

CREATE TABLE `departamentos` (
  `id_Departamento` int(10) UNSIGNED NOT NULL,
  `NombreDepartamento` varchar(50) DEFAULT NULL
) ENGINE=MyISAM DEFAULT CHARSET=utf8;

--
-- Volcado de datos para la tabla `departamentos`
--

INSERT INTO `departamentos` (`id_Departamento`, `NombreDepartamento`) VALUES
(1, 'AMAZONAS'),
(2, 'ANCASH'),
(3, 'APURIMAC'),
(4, 'AREQUIPA'),
(5, 'AYACUCHO'),
(6, 'CAJAMARCA'),
(7, 'CUSCO'),
(8, 'HUANCAVELICA'),
(9, 'HUANUCO'),
(10, 'ICA'),
(11, 'JUNIN'),
(12, 'LA LIBERTAD'),
(13, 'LAMBAYEQUE'),
(14, 'LIMA'),
(15, 'LORETO'),
(16, 'MADRE DE DIOS'),
(17, 'MOQUEGUA'),
(18, 'PASCO'),
(19, 'PIURA'),
(20, 'PUNO'),
(21, 'SAN MARTIN'),
(22, 'TACNA'),
(23, 'TUMBES'),
(24, 'UCAYALI'),
(25, 'LIMA-PROVINCIAS');

-- --------------------------------------------------------

--
-- Estructura de tabla para la tabla `distritos`
--

CREATE TABLE `distritos` (
  `id_Distrito` int(10) UNSIGNED NOT NULL,
  `id_Provincia` int(10) UNSIGNED NOT NULL,
  `NombreDistrito` varchar(50) DEFAULT NULL
) ENGINE=MyISAM DEFAULT CHARSET=utf8;

--
-- Volcado de datos para la tabla `distritos`
--

INSERT INTO `distritos` (`id_Distrito`, `id_Provincia`, `NombreDistrito`) VALUES
(1, 1, 'LA PECA'),
(2, 1, 'ARAMANGO'),
(3, 1, 'COPALLIN'),
(4, 1, 'EL PARCO '),
(5, 1, 'IMAZA'),
(6, 2, 'JUMBILLA'),
(7, 2, 'CHISQUILLA'),
(8, 2, 'CHURUJA'),
(9, 2, 'COROSHA'),
(10, 2, 'CUISPES'),
(11, 2, 'FLORIDA'),
(12, 2, 'JAZAN'),
(13, 2, 'RECTA'),
(14, 2, 'SAN CARLOS'),
(15, 2, 'SHIPASBAMBA'),
(16, 2, 'VALERA'),
(17, 2, 'YAMBRASBAMBA'),
(18, 3, 'CHACHAPOYAS'),
(19, 3, 'ASUNCION'),
(20, 3, 'BALSAS'),
(21, 3, 'CHETO'),
(22, 3, 'CHILIQUIN'),
(23, 3, 'CHUQUIBAMBA'),
(24, 3, 'GRANADA'),
(25, 3, 'HUANCAS'),
(26, 3, 'LA JALCA'),
(27, 3, 'LEIMEBAMBA'),
(28, 3, 'LEVANTO'),
(29, 3, 'MAGDALENA'),
(30, 3, 'MARISCAL CASTILLA'),
(31, 3, 'MOLINOPAMPA'),
(32, 3, 'MONTEVIDEO'),
(33, 3, 'OLLEROS'),
(34, 3, 'QUINJALCA'),
(35, 3, 'SAN FRANCISCO DE DAGUAS'),
(36, 3, 'SAN ISIDRO DE MAINO'),
(37, 3, 'SOLOCO'),
(38, 3, 'SONCHE'),
(39, 4, 'NIEVA'),
(40, 4, 'EL CENEPA'),
(41, 4, 'R'),
(42, 5, 'LAMUD'),
(43, 5, 'CAMPORREDONDO'),
(44, 5, 'COCABAMBA'),
(45, 5, 'COLCAMAR'),
(46, 5, 'COLINA'),
(47, 5, 'INGUILPATA'),
(48, 5, 'LONGUITA'),
(49, 5, 'LONYA CHICO'),
(50, 5, 'LUYA'),
(51, 5, 'LUYA VIEJO'),
(52, 5, 'MARIA'),
(53, 5, 'OCALLI'),
(54, 5, 'OCUMAL'),
(55, 5, 'PISUQUIA'),
(56, 5, 'PROVIDENCIA'),
(57, 5, 'SAN CRISTOBAL'),
(58, 5, 'SAN FRANCISCO DEL YESO'),
(59, 5, 'SAN JERONIMO'),
(60, 5, 'SAN JUAN DE LOPECANCHA'),
(61, 5, 'SANTA CATALINA'),
(62, 5, 'SANTO TOMAS'),
(63, 5, 'TINGO'),
(64, 5, 'TRITA'),
(65, 6, 'SAN NICOLAS'),
(66, 6, 'CHIRIMOTO'),
(67, 6, 'COCHAMAL'),
(68, 6, 'HUAMBO'),
(69, 6, 'LIMABAMBA'),
(70, 6, 'LONGAR'),
(71, 6, 'MARISCAL BENAVIDES'),
(72, 6, 'MILPUC'),
(73, 6, 'OMIA'),
(74, 6, 'SANTA ROSA'),
(75, 6, 'TOTORA'),
(76, 6, 'VISTA ALEGRE'),
(77, 7, 'BAGUA GRANDE'),
(78, 7, 'CAJARURO'),
(79, 7, 'CUMBA'),
(80, 7, 'EL MILAGRO'),
(81, 7, 'JAMALCA'),
(82, 7, 'LONYA GRANDE'),
(83, 7, 'YAMON'),
(84, 8, 'AIJA'),
(85, 8, 'CORIS'),
(86, 8, 'HUACLLAN'),
(87, 8, 'LA MERCED'),
(88, 8, 'SUCCHA'),
(89, 9, 'LLAMELLIN'),
(90, 9, 'ACZO'),
(91, 9, 'CHACCHO'),
(92, 9, 'CHINGAS'),
(93, 9, 'MIRGAS'),
(94, 9, 'SAN JUAN DE RONTOY'),
(95, 10, 'CHACAS'),
(96, 10, 'ACOCHACA'),
(97, 11, 'CHIQUIAN'),
(98, 11, 'ABELARDO PARDO LEZAMETA'),
(99, 11, 'ANTONIO RAYMONDI'),
(100, 11, 'AQUIA'),
(101, 11, 'CAJACAY'),
(102, 11, 'CANIS'),
(103, 11, 'COLQUIOC'),
(104, 11, 'HUALLANCA'),
(105, 11, 'HUASTA'),
(106, 11, 'HUAYLLACAYAN'),
(107, 11, 'LA PRIMAVERA'),
(108, 11, 'MANGAS'),
(109, 11, 'PACLLON'),
(110, 11, 'S. MGEL DE CORPANQUI'),
(111, 11, 'TICLLOS'),
(112, 12, 'CARHUAZ'),
(113, 12, 'ACOPAMPA'),
(114, 12, 'AMASHCA'),
(115, 12, 'ANTA'),
(116, 12, 'ATAQUERO'),
(117, 12, 'MARCARA'),
(118, 12, 'PARIAHUANCA'),
(119, 12, 'SAN MIGUEL DE ACO '),
(120, 12, 'SHILLA'),
(121, 12, 'TINCO'),
(122, 12, 'YUNGAR'),
(123, 13, 'SAN LUIS'),
(124, 13, 'SAN NICOLAS'),
(125, 13, 'YAUYA'),
(126, 14, 'CASMA'),
(127, 14, 'BUENA VISTA ALTA'),
(128, 14, 'COMANDANTE NOEL '),
(129, 14, 'YAUTAN'),
(130, 15, 'CORONGO'),
(131, 15, 'ACO'),
(132, 15, 'BAMBAS'),
(133, 15, 'CUSCA'),
(134, 15, 'LA PAMPA'),
(135, 15, 'YANAC'),
(136, 15, 'YUPAN'),
(137, 16, 'HUARAZ'),
(138, 16, 'COCHABAMBA'),
(139, 16, 'COLCABAMBA'),
(140, 16, 'HUANCHAY'),
(141, 16, 'JANGAS'),
(142, 16, 'LA LIBERTAD'),
(143, 16, 'OLLEROS'),
(144, 16, 'PAMPAS'),
(145, 16, 'PARIACOTO'),
(146, 16, 'PIRA'),
(147, 16, 'TARICA'),
(148, 16, 'INDEPENDENCIA'),
(149, 17, 'HUARI'),
(150, 17, 'ANRA'),
(151, 17, 'CAJAY'),
(152, 17, 'CHAVIN DE HUANTAR'),
(153, 17, 'HUACACHI'),
(154, 17, 'HUACCHIS'),
(155, 17, 'HUACHIS'),
(156, 17, 'HUANTAR'),
(157, 17, 'MASIN'),
(158, 17, 'PAUCAS'),
(159, 17, 'PONTO'),
(160, 17, 'RAHUAPAMPA'),
(161, 17, 'RAPAYAN'),
(162, 17, 'SAN MARCOS'),
(163, 17, 'SAN PEDRO DE CHANA'),
(164, 17, 'UCO'),
(165, 18, 'HUARMEY'),
(166, 18, 'COCHAPETI'),
(167, 18, 'CULEBRAS'),
(168, 18, 'HUAYAN'),
(169, 18, 'MALVAS'),
(170, 19, 'CARAZ'),
(171, 19, 'HUALLANCA'),
(172, 19, 'HUATA'),
(173, 19, 'HUAYLAS'),
(174, 19, 'MATO'),
(175, 19, 'PAMPAROMAS'),
(176, 19, 'PUEBLO LIBRE'),
(177, 19, 'SANTA CRUZ'),
(178, 19, 'SANTO TORIBIO'),
(179, 19, 'YURACMARCA'),
(180, 20, 'PISCOBAMBA'),
(181, 20, 'CASCA'),
(182, 20, 'ELEAZAR GUZMAN BARRON'),
(183, 20, 'FIDEL OLIVAS ESCUDERO'),
(184, 20, 'LLAMA'),
(185, 20, 'LLUMPA'),
(186, 20, 'LUCMA'),
(187, 20, 'MUSGA'),
(188, 21, 'OCROS'),
(189, 21, 'ACAS'),
(190, 21, 'CAJAMARQUILLA'),
(191, 21, 'CARHUAPAMPA'),
(192, 21, 'COCHAS '),
(193, 21, 'CONGAS'),
(194, 21, 'LLIPA'),
(195, 21, 'SAN CRISTOBAL DE RAJAN'),
(196, 21, 'SAN PEDRO'),
(197, 21, 'SANTIAGO DE CHILCAS'),
(198, 22, 'CABANA'),
(199, 22, 'BOLOGNESI'),
(200, 22, 'CONCHUCOS'),
(201, 22, 'HUACASCHUQUE'),
(202, 22, 'HUANDOVAL'),
(203, 22, 'LACABAMBA'),
(204, 22, 'LLAPO'),
(205, 22, 'PALLASCA'),
(206, 22, 'PAMPAS'),
(207, 22, 'SANTA ROSA'),
(208, 22, 'TAUCA'),
(209, 23, 'POMABAMBA'),
(210, 23, 'HUAYLLAN'),
(211, 23, 'PAROBAMBA'),
(212, 23, 'QUINUABAMBA'),
(213, 24, 'RECUAY'),
(214, 24, 'CATAC'),
(215, 24, 'COTAPARACO'),
(216, 24, 'HUAYLLAPAMPA'),
(217, 24, 'LLACLLIN'),
(218, 24, 'MARCA'),
(219, 24, 'PAMPAS CHICO'),
(220, 24, 'PARARIN'),
(221, 24, 'TAPACOCHA'),
(222, 24, 'TICAPAMPA'),
(223, 25, 'CHIMBOTE'),
(224, 25, 'CACERES DEL PERU'),
(225, 25, 'COISHCO'),
(226, 25, 'MACATE'),
(227, 25, 'MORO'),
(228, 25, 'NEPE'),
(229, 25, 'SAMANCO'),
(230, 25, 'SANTA'),
(231, 25, 'NUEVO CHIMBOTE'),
(232, 26, 'SIHUAS'),
(233, 26, 'ACOBAMBA'),
(234, 26, 'ALFONSO UGARTE'),
(235, 26, 'CASHAPAMPA'),
(236, 26, 'CHINGALPO'),
(237, 26, 'HUAYLLABAMBA'),
(238, 26, 'QUICHES'),
(239, 26, 'RAGASH'),
(240, 26, 'SAN JUAN'),
(241, 26, 'SICSIBAMBA'),
(242, 27, 'YUNGAY'),
(243, 27, 'CASCAPARA'),
(244, 27, 'MANCOS'),
(245, 27, 'MATACOTO'),
(246, 27, 'QUILLO'),
(247, 27, 'RANRAHIRCA'),
(248, 27, 'SHUPLUY'),
(249, 27, 'YANAMA'),
(250, 28, 'ABANCAY'),
(251, 28, 'CHACOCHE'),
(252, 28, 'CIRCA'),
(253, 28, 'CURAHUASI'),
(254, 28, 'HUANIPACA'),
(255, 28, 'LAMBRAMA'),
(256, 28, 'PICHIRHUA'),
(257, 28, 'SAN PEDRO DE CACHORA'),
(258, 28, 'TAMBURCO'),
(259, 29, 'ANDAHUAYLAS'),
(260, 29, 'ANDARAPA'),
(261, 29, 'CHIARA'),
(262, 29, 'HUANCARAMA'),
(263, 29, 'HUANCARAY'),
(264, 29, 'HUAYANA'),
(265, 29, 'KISHUARA'),
(266, 29, 'PACOBAMBA'),
(267, 29, 'PACUCHA'),
(268, 29, 'PAMPACHIRI'),
(269, 29, 'POMACOCHA'),
(270, 29, 'SAN ANTONIO DE CACHI'),
(271, 29, 'SAN JERONIMO'),
(272, 29, 'SAN MIGUEL DE CHACCRAMPA'),
(273, 29, 'SANTA MARIA DE CHICMO'),
(274, 29, 'TALAVERA'),
(275, 29, 'TUMAY HUARACA'),
(276, 29, 'TURPO'),
(277, 29, 'KAQUIABAMBA'),
(278, 30, 'ANTABAMBA'),
(279, 30, 'EL ORO'),
(280, 30, 'HUAQUIRCA'),
(281, 30, 'JUAN ESPINOZA MEDRANO'),
(282, 30, 'OROPESA'),
(283, 30, 'PACHACONAS'),
(284, 30, 'SABAINO'),
(285, 31, 'CHALHUANCA'),
(286, 31, 'CAPAYA'),
(287, 31, 'CARAYBAMBA'),
(288, 31, 'CHAPIMARCA'),
(289, 31, 'COLCABAMBA'),
(290, 31, 'COTARUSE'),
(291, 31, 'HUAYLLO'),
(292, 31, 'JUSTO APU SAHUARAURA'),
(293, 31, 'LUCRE'),
(294, 31, 'POCOHUANCA'),
(295, 31, 'SAN JUAN DE CHAC'),
(296, 31, 'SA'),
(297, 31, 'SORAYA'),
(298, 31, 'TAPAIRIHUA'),
(299, 31, 'TINTAY'),
(300, 31, 'TORAYA'),
(301, 31, 'YANACA'),
(302, 32, 'CHINCHEROS'),
(303, 32, 'ANCO-HUALLO'),
(304, 32, 'COCHARCAS'),
(305, 32, 'HUACCANA'),
(306, 32, 'OCOBAMBA'),
(307, 32, 'ONGOY'),
(308, 32, 'URANMARCA'),
(309, 32, 'RANRACANCHA'),
(310, 33, 'TAMBOBAMBA'),
(311, 33, 'COTABAMBAS'),
(312, 33, 'COYLLURQUI'),
(313, 33, 'HAQUIRA'),
(314, 33, 'MARA'),
(315, 33, 'CHALLHUAHUACHO'),
(316, 34, 'CHUQUIBAMBILLA'),
(317, 34, 'CURPAHUASI'),
(318, 34, 'GAMARRA'),
(319, 34, 'HUAYLLATI'),
(320, 34, 'MAMARA'),
(321, 34, 'MICAELA BASTIDAS'),
(322, 34, 'PATAYPAMPA'),
(323, 34, 'PROGRESO'),
(324, 34, 'SAN ANTONIO'),
(325, 34, 'SANTA ROSA'),
(326, 34, 'TURPAY'),
(327, 34, 'VILCABAMBA'),
(328, 34, 'VIRUNDO'),
(329, 34, 'CURASCO'),
(330, 35, 'AREQUIPA'),
(331, 35, 'ALTO SELVA ALEGRE'),
(332, 35, 'CAYMA'),
(333, 35, 'CERRO COLORADO'),
(334, 35, 'CHARACATO'),
(335, 35, 'CHIGUATA'),
(336, 35, 'JACOBO HUNTER'),
(337, 35, 'LA JOYA'),
(338, 35, 'MARIANO MELGAR'),
(339, 35, 'MIRAFLORES'),
(340, 35, 'MOLLEBAYA'),
(341, 35, 'PAUCARPATA'),
(342, 35, 'POCSI'),
(343, 35, 'POLOBAYA'),
(344, 35, 'QUEQUE'),
(345, 35, 'SABANDIA'),
(346, 35, 'SACHACA'),
(347, 35, 'SAN JUAN DE SIGUAS'),
(348, 35, 'SAN JUAN DE TARUCANI'),
(349, 35, 'SANTA ISABEL DE SIGUAS'),
(350, 35, 'SANTA RITA DE SIGUAS'),
(351, 35, 'SOCABAYA'),
(352, 35, 'TIABAYA'),
(353, 35, 'UCHUMAYO'),
(354, 35, 'VITOR 1'),
(355, 35, 'YANAHUARA'),
(356, 35, 'YARABAMBA'),
(357, 35, 'YURA'),
(358, 35, 'JOSE LUIS BUSTAMANTE Y RIVERO'),
(359, 36, 'CAMANA'),
(360, 36, 'JOSE MARIA QUIMPER'),
(361, 36, 'MARIANO NICOLAS VALCARCEL'),
(362, 36, 'MARISCAL CACERES'),
(363, 36, 'NICOLAS DE PIEROLA'),
(364, 36, 'OCO'),
(365, 36, 'QUILCA'),
(366, 36, 'SAMUEL PASTOR'),
(367, 37, 'CARAVELI'),
(368, 37, 'ACARI'),
(369, 37, 'ATICO'),
(370, 37, 'ATIQUIPA'),
(371, 37, 'BELLA UNION'),
(372, 37, 'CAHUACHO'),
(373, 37, 'CHALA'),
(374, 37, 'CHAPARRA'),
(375, 37, 'HUANUHUANU'),
(376, 37, 'JAQUI'),
(377, 37, 'LOMAS'),
(378, 37, 'QUICACHA'),
(379, 37, 'YAUCA'),
(380, 38, 'APLAO'),
(381, 38, 'ANDAGUA'),
(382, 38, 'AYO'),
(383, 38, 'CHACHAS'),
(384, 38, 'CHILCAYMARCA'),
(385, 38, 'CHOCO'),
(386, 38, 'HUANCARQUI'),
(387, 38, 'MACHAGUAY'),
(388, 38, 'ORCOPAMPA'),
(389, 38, 'PAMPACOLCA'),
(390, 38, 'TIPAN'),
(391, 38, 'U'),
(392, 38, 'URACA'),
(393, 38, 'VIRACO'),
(394, 39, 'CHIVAY'),
(395, 39, 'ACHOMA'),
(396, 39, 'CABANACONDE'),
(397, 39, 'CALLALLI'),
(398, 39, 'CAYLLOMA'),
(399, 39, 'COPORAQUE'),
(400, 39, 'HUAMBO'),
(401, 39, 'HUANCA'),
(402, 39, 'ICHUPAMPA'),
(403, 39, 'LARI'),
(404, 39, 'LLUTA'),
(405, 39, 'MACA'),
(406, 39, 'MADRIGAL'),
(407, 39, 'SAN ANTONIO DE CHUCA 2'),
(408, 39, 'SIBAYO'),
(409, 39, 'TAPAY'),
(410, 39, 'TISCO'),
(411, 39, 'TUTI'),
(412, 39, 'YANQUE'),
(413, 40, 'CHUQUIBAMBA'),
(414, 40, 'ANDARAY'),
(415, 40, 'CAYARANI'),
(416, 40, 'CHICHAS'),
(417, 40, 'IRAY'),
(418, 40, 'RIO GRANDE'),
(419, 40, 'SALAMANCA'),
(420, 40, 'YANAQUIHUA'),
(421, 41, 'MOLLENDO '),
(422, 41, 'COCACHACRA'),
(423, 41, 'DEAN VALDIVIA'),
(424, 41, 'ISLAY'),
(425, 41, 'MEJIA'),
(426, 41, 'PUNTA DE BOMBON'),
(427, 42, 'COTAHUASI'),
(428, 42, 'ALCA'),
(429, 42, 'CHARCANA'),
(430, 42, 'HUAYNACOTAS'),
(431, 42, 'PAMPAMARCA'),
(432, 42, 'PUYCA'),
(433, 42, 'QUECHUALLA'),
(434, 42, 'SAYLA'),
(435, 42, 'TAURIA'),
(436, 42, 'TOMEPAMPA'),
(437, 42, 'TORO'),
(438, 43, 'CANGALLO'),
(439, 43, 'CHUSCHI'),
(440, 43, 'LOS MOROCHUCOS'),
(441, 43, 'MARIA PARADO DE BELLIDO'),
(442, 43, 'PARAS'),
(443, 43, 'TOTOS'),
(444, 44, 'HUANTA'),
(445, 44, 'HAYAHUANCO'),
(446, 44, 'HUAMANGUILLA'),
(447, 44, 'IGUAIN'),
(448, 44, 'LURICOCHA'),
(449, 44, 'SANTILLANA'),
(450, 44, 'SIVIA'),
(451, 45, 'SANCOS'),
(452, 45, 'CARAPO'),
(453, 45, 'SACSAMARCA'),
(454, 45, 'SANTIAGO DE LUCANAMARCA'),
(455, 46, 'AYACUCHO'),
(456, 46, 'ACOCRO '),
(457, 46, 'ACOS VINCHOS'),
(458, 46, 'CARMEN ALTO'),
(459, 46, 'CHIARA '),
(460, 46, 'OCROS '),
(461, 46, 'PACAYCASA '),
(462, 46, 'QUINUA'),
(463, 46, 'SAN JOSE DE TICLLAS'),
(464, 46, 'SAN JUAN BAUTISTA'),
(465, 46, 'SANTIAGO DE PISCHA'),
(466, 46, 'SOCOS'),
(467, 46, 'TAMBILLO'),
(468, 46, 'VINCHOS'),
(469, 46, 'JESUS NAZARENO'),
(470, 47, 'SAN MIGUEL'),
(471, 47, 'ANCO'),
(472, 47, 'AYNA'),
(473, 47, 'CHILCAS'),
(474, 47, 'CHUNGUI'),
(475, 47, 'LUIS CARRANZA'),
(476, 47, 'TAMBO'),
(477, 47, 'SANTA ROSA'),
(478, 48, 'PUQUIO'),
(479, 48, 'AUCARA'),
(480, 48, 'CABANA'),
(481, 48, 'CARMEN SALCEDO'),
(482, 48, 'CHAVI'),
(483, 48, 'CHIPAO'),
(484, 48, 'HUAC-HUAS'),
(485, 48, 'LARAMATE'),
(486, 48, 'LEONCIO PRADO'),
(487, 48, 'LLAUTA'),
(488, 48, 'LUCANAS'),
(489, 48, 'OCA'),
(490, 48, 'OTOCA'),
(491, 48, 'SAISA'),
(492, 48, 'SAN CRISTOBAL'),
(493, 48, 'SAN JUAN'),
(494, 48, 'SAN PEDRO'),
(495, 48, 'SAN PEDRO DE PALCO'),
(496, 48, 'SANCOS'),
(497, 48, 'SANTA ANA DE HUAYCAHUACHO'),
(498, 48, 'SANTA LUCIA'),
(499, 49, 'CORACORA'),
(500, 49, 'CHUMPI '),
(501, 49, 'CORONEL CASTA'),
(502, 49, 'PACAPAUSA'),
(503, 49, 'PULLO'),
(504, 49, 'PUYUSCA'),
(505, 49, 'SAN FRANCISCO DE RAVACAYCO'),
(506, 49, 'UPAHUACHO'),
(507, 50, 'PAUSA'),
(508, 50, 'COLTA'),
(509, 50, 'CORCULLA'),
(510, 50, 'LAMPA'),
(511, 50, 'MARCABAMBA'),
(512, 50, 'OYOLO '),
(513, 50, 'PARARCA'),
(514, 50, 'SAN JAVIER DEL ALPABAMBA'),
(515, 50, 'SAN JOSE DE USHUA'),
(516, 50, 'SARA SARA'),
(517, 51, 'QUEROBAMBA'),
(518, 51, 'BELEN'),
(519, 51, 'CHALCOS'),
(520, 51, 'CHILCAYOC'),
(521, 51, 'HUACA'),
(522, 51, 'MORCOLLA'),
(523, 51, 'PAICO'),
(524, 51, 'SAN PEDRO DE LARCAY'),
(525, 51, 'SAN SALVADOR DE QUIJE'),
(526, 51, 'SANTIAGO DE PAUCARAY'),
(527, 51, 'SORAS'),
(528, 52, 'HUANCAPI'),
(529, 52, 'ALCAMENCA'),
(530, 52, 'APONGO'),
(531, 52, 'ASQUIPATA'),
(532, 52, 'CANARIA'),
(533, 52, 'CAYARA'),
(534, 52, 'COLCA'),
(535, 52, 'HUAMANQUIQUIA'),
(536, 52, 'HUANCARAYLLA'),
(537, 52, 'HUAYA'),
(538, 52, 'SARHUA'),
(539, 52, 'VILCANCHOS'),
(540, 53, 'VILCAS HUAMAN'),
(541, 53, 'ACCOMARCA'),
(542, 53, 'CARHUANCA'),
(543, 53, 'CONCEPCION'),
(544, 53, 'HUAMBALPA'),
(545, 53, 'INDEPENDENCIA'),
(546, 53, 'SAURAMA'),
(547, 53, 'VISCHONGO'),
(548, 54, 'CAJABAMBA'),
(549, 54, 'CACHACHI'),
(550, 54, 'CONDEBAMBA'),
(551, 54, 'SITACOCHA'),
(552, 55, 'CAJAMARCA'),
(553, 55, 'ASUNCION'),
(554, 55, 'CHETILLA'),
(555, 55, 'COSPAN'),
(556, 55, 'ENCA'),
(557, 55, 'JESUS'),
(558, 55, 'LLACANORA'),
(559, 55, 'LOS BA'),
(560, 55, 'MAGDALENA'),
(561, 55, 'MATARA'),
(562, 55, 'NAMORA'),
(563, 55, 'SAN JUAN'),
(564, 56, 'CELENDIN'),
(565, 56, 'CHUMUCH'),
(566, 56, 'CORTEGANA'),
(567, 56, 'HUASMIN'),
(568, 56, 'JORGE CHAVEZ'),
(569, 56, 'JOSE GALVEZ'),
(570, 56, 'MIGUEL IGLESIAS'),
(571, 56, 'OXAMARCA'),
(572, 56, 'SOROCHUCO'),
(573, 56, 'SUCRE'),
(574, 56, 'UTCO'),
(575, 56, 'LA LIBERTAD DE PALLAN'),
(576, 57, 'CHOTA'),
(577, 57, 'ANGUIA'),
(578, 57, 'CHADIN'),
(579, 57, 'CHIGUIRIP'),
(580, 57, 'CHIMBAN'),
(581, 57, 'COCHABAMBA'),
(582, 57, 'CONCHAN'),
(583, 57, 'HUAMBOS'),
(584, 57, 'LAJAS'),
(585, 57, 'LLAMA'),
(586, 57, 'MIRACOSTA'),
(587, 57, 'PACCHA'),
(588, 57, 'PION'),
(589, 57, 'QUEROCOTO'),
(590, 57, 'SAN JUAN DE LICUPIS'),
(591, 57, 'TACABAMBA'),
(592, 57, 'TOCMOCHE'),
(593, 57, 'CHOROPAMPA'),
(594, 57, 'CHALAMARCA'),
(595, 58, 'CONTUMAZA'),
(596, 58, 'CHILETE'),
(597, 58, 'CUPISNIQUE'),
(598, 58, 'GUZMANGO'),
(599, 58, 'SAN BENITO'),
(600, 58, 'SANTA CRUZ DE TOLED'),
(601, 58, 'TANTARICA'),
(602, 58, 'YONAN'),
(603, 59, 'CUTERVO'),
(604, 59, 'CALLAYUC'),
(605, 59, 'CHOROS'),
(606, 59, 'CUJILLO'),
(607, 59, 'LA RAMADA'),
(608, 59, 'PIMPINGOS'),
(609, 59, 'QUEROCOTILLO'),
(610, 59, 'SAN ANDRES DE CUTERVO'),
(611, 59, 'SAN JUAN DE CUTERVO'),
(612, 59, 'SAN LUIS DE LUCMA'),
(613, 59, 'SANTA CRUZ'),
(614, 59, 'SANTO DOMINGO DE LA CAPILLA'),
(615, 59, 'SANTO TOMAS'),
(616, 59, 'SOCOTA'),
(617, 59, 'TORIBIO CASANOVA'),
(618, 60, 'BAMBAMARCA'),
(619, 60, 'CHUGUR'),
(620, 60, 'HUALGAYOC'),
(621, 61, 'JAEN'),
(622, 61, 'BELLAVISTA'),
(623, 61, 'CHONTALI'),
(624, 61, 'COLASAY'),
(625, 61, 'HUABAL'),
(626, 61, 'LAS PIRIAS'),
(627, 61, 'POMAHUACA'),
(628, 61, 'PUCARA'),
(629, 61, 'SALLIQUE'),
(630, 61, 'SAN FELIPE'),
(631, 61, 'SAN JOSE DEL ALTO'),
(632, 61, 'SANTA ROSA'),
(633, 62, 'SAN IGNACIO'),
(634, 62, 'CHIRINOS'),
(635, 62, 'HUARANGO'),
(636, 62, 'LA COIPA'),
(637, 62, 'NAMBALLE'),
(638, 62, 'SAN JOSE DE LOURDES'),
(639, 62, 'TABACONAS'),
(640, 63, 'PEDRO GALVEZ'),
(641, 63, 'EDUARDO VILLANUEVA'),
(642, 63, 'GREGORIO PITA'),
(643, 63, 'ICHOCAN'),
(644, 63, 'JOSE MANUEL QUIROZ'),
(645, 63, 'JOSE SABOGAL'),
(646, 63, 'CHANCAY'),
(647, 64, 'SAN MIGUEL'),
(648, 64, 'BOLIVAR'),
(649, 64, 'CALQUIS'),
(650, 64, 'CATILLUC'),
(651, 64, 'EL PRADO'),
(652, 64, 'LA FLORIDA'),
(653, 64, 'LLAPA'),
(654, 64, 'NANCHOC'),
(655, 64, 'NIEPOS'),
(656, 64, 'SAN GREGORIO'),
(657, 64, 'SAN SILVESTRE DE COCHAN'),
(658, 64, 'TONGOD'),
(659, 64, 'UNION AGUA BLANCA'),
(660, 65, 'SAN PABLO'),
(661, 65, 'SAN BERNARDINO'),
(662, 65, 'SAN LUIS'),
(663, 65, 'TUMBADEN'),
(664, 66, 'SANTA CRUZ'),
(665, 66, 'ANDABAMBA'),
(666, 66, 'CATACHE'),
(667, 66, 'CHANCAYBA'),
(668, 66, 'LA ESPERANZA'),
(669, 66, 'NINABAMBA'),
(670, 66, 'PULAN'),
(671, 66, 'SAUCEPAMPA'),
(672, 66, 'SEXI'),
(673, 66, 'UTICYACU'),
(674, 66, 'YAUYUCAN'),
(675, 67, 'ACOMAYO'),
(676, 67, 'ACOPIA'),
(677, 67, 'ACOS'),
(678, 67, 'MOSOC LLACTA'),
(679, 67, 'POMACANCHI'),
(680, 67, 'RONDOCAN'),
(681, 67, 'SANGARARA'),
(682, 68, 'ANTA'),
(683, 68, 'ANCAHUASI'),
(684, 68, 'CACHIMAYO'),
(685, 68, 'CHINCHAYPUJIO'),
(686, 68, 'HUAROCONDO'),
(687, 68, 'LIMATAMBO'),
(688, 68, 'MOLLEPATA'),
(689, 68, 'PUCYURA'),
(690, 68, 'ZURITE'),
(691, 69, 'CALCA'),
(692, 69, 'COYA'),
(693, 69, 'LAMAY'),
(694, 69, 'LARES'),
(695, 69, 'PISAC'),
(696, 69, 'SAN SALVADOR'),
(697, 70, 'TARAY'),
(698, 69, 'YANATILE'),
(699, 70, 'YANAOCA'),
(700, 70, 'CHECCA'),
(701, 70, 'KUNTURKANKI'),
(702, 70, 'LANGUI'),
(703, 70, 'LAYO'),
(704, 70, 'PAMPAMARCA'),
(705, 70, 'QUEHUE'),
(706, 70, 'TUPAC AMARU'),
(707, 71, 'SICUANI'),
(708, 71, 'CHECACUPE'),
(709, 71, 'COMBAPATA'),
(710, 71, 'MARANGANI'),
(711, 71, 'PITUMARCA'),
(712, 71, 'SAN PABLO'),
(713, 71, 'SAN PEDRO'),
(714, 71, 'TINTA'),
(715, 72, 'SANTA ANA'),
(716, 72, 'ECHARATE'),
(717, 72, 'HUAYOPATA'),
(718, 72, 'MARANURA'),
(719, 72, 'OCOBAMBA'),
(720, 72, 'QUELLOUNO'),
(721, 72, 'QUIMBIRI'),
(722, 72, 'SANTA TERESA'),
(723, 72, 'VILCABAMBA'),
(724, 72, 'PICHARI'),
(725, 73, 'CUSCO'),
(726, 73, 'CCORCA'),
(727, 73, 'POROY'),
(728, 73, 'SAN JERONIMO'),
(729, 73, 'SAN SEBASTIAN'),
(730, 73, 'SANTIAGO'),
(731, 73, 'SAYLLA'),
(732, 73, 'WANCHAQ'),
(733, 74, 'SANTO TOMAS'),
(734, 74, 'CAPACMARCA'),
(735, 74, 'CHAMACA'),
(736, 74, 'COLQUEMARCA'),
(737, 74, 'LIVITACA'),
(738, 74, 'LLUSCO'),
(739, 74, 'QUI'),
(740, 74, 'VELILLE'),
(741, 75, 'ESPINAR'),
(742, 75, 'CONDOROMA'),
(743, 75, 'COPORAQUE'),
(744, 75, 'OCORURO'),
(745, 75, 'PALLPATA'),
(746, 75, 'PICHIGUA'),
(747, 75, 'SUYCKUTAMBO'),
(748, 75, 'ALTO PICHIGUA'),
(749, 76, 'PARURO'),
(750, 76, 'ACCHA'),
(751, 76, 'CCAPI'),
(752, 76, 'COLCHA'),
(753, 76, 'HUANOQUITE'),
(754, 76, 'OMACHA'),
(755, 76, 'PACCARITAMBO'),
(756, 76, 'PILLPINTO'),
(757, 76, 'YAURISQUE'),
(758, 77, 'PAUCARTAMBO'),
(759, 77, 'CAICAY'),
(760, 77, 'CHALLABAMBA'),
(761, 77, 'COLQUEPATA'),
(762, 77, 'HUANCARANI'),
(763, 77, 'KOS'),
(764, 78, 'URCOS'),
(765, 78, 'ANDAHUAYLILLAS'),
(766, 78, 'CAMANTI'),
(767, 78, 'CCARHUAYO'),
(768, 78, 'CCATCA'),
(769, 78, 'CUSIPATA'),
(770, 78, 'HUARO'),
(771, 78, 'LUCRE'),
(772, 78, 'MARCAPATA'),
(773, 78, 'OCONGATE'),
(774, 78, 'OROPESA'),
(775, 78, 'QUIQUIJANA'),
(776, 79, 'URUBAMBA'),
(777, 79, 'CHINCHERO'),
(778, 79, 'HUAYLLABAMBA'),
(779, 79, 'MACHUPICCHU'),
(780, 79, 'MARAS'),
(781, 79, 'OLLANTAYTAMBO'),
(782, 79, 'YUCAY'),
(783, 80, 'ACOBAMBA'),
(784, 80, 'ANDABAMBA'),
(785, 80, 'ANTA'),
(786, 80, 'CAJA'),
(787, 80, 'MARCAS'),
(788, 80, 'PAUCARA'),
(789, 80, 'POMACOCHA'),
(790, 80, 'ROSARIO'),
(791, 81, 'LIRCAY'),
(792, 81, 'ANCHONGA'),
(793, 81, 'CALLANMARCA'),
(794, 81, 'CCOCHACCASA'),
(795, 81, 'CHINCHO'),
(796, 81, 'CONGALLA'),
(797, 81, 'HUANCA-HUANCA'),
(798, 81, 'HUAYLLAY GRANDE'),
(799, 81, 'JULCAMARCA'),
(800, 81, 'SAN ANTONIO DE ANTAPARCO'),
(801, 81, 'SANTO TOMAS DE PATA'),
(802, 81, 'SECCLLA'),
(803, 82, 'CASTROVIRREYNA'),
(804, 82, 'ARMA'),
(805, 82, 'AURAHUA'),
(806, 82, 'CAPILLAS'),
(807, 82, 'CHUPAMARCA'),
(808, 82, 'COCAS'),
(809, 82, 'HUACHOS'),
(810, 82, 'HUAMATAMBO'),
(811, 82, 'MOLLEPAMPA'),
(812, 82, 'SAN JUAN'),
(813, 82, 'SANTA ANA'),
(814, 82, 'TANTARA'),
(815, 82, 'TICRAPO'),
(816, 83, 'CHURCAMPA'),
(817, 83, 'ANCO'),
(818, 83, 'CHINCHIHUASI'),
(819, 83, 'EL CARMEN'),
(820, 83, 'LA MERCED'),
(821, 83, 'LOCROJA'),
(822, 83, 'PACHAMARCA'),
(823, 83, 'PAUCARBAMBA'),
(824, 83, 'SAN MIGUEL DE MAYOCC'),
(825, 83, 'SAN PEDRO DE CORIS'),
(826, 84, 'UANCAVELICA'),
(827, 84, 'ACOBAMBILLA'),
(828, 84, 'ACORIA'),
(829, 84, 'CONAYCA'),
(830, 84, 'CUENCA'),
(831, 84, 'HUACHOCOLPA'),
(832, 84, 'HUAYLLAHUARA'),
(833, 84, 'IZCUCHACA'),
(834, 84, 'LARIA'),
(835, 84, 'MANTA'),
(836, 84, 'MARISCAL CACERES'),
(837, 84, 'MOYA'),
(838, 84, 'NUEVO OCCORO'),
(839, 84, 'PALCA'),
(840, 84, 'PILCHACA'),
(841, 84, 'VILCA'),
(842, 84, 'YAULI'),
(843, 84, 'ASCENCION'),
(844, 85, 'HUAYTARA'),
(845, 85, 'AYAVI'),
(846, 85, 'CORDOVA'),
(847, 85, 'HUAYACUNDO ARMA'),
(848, 85, 'LARAMARCA'),
(849, 85, 'OCOYO'),
(850, 85, 'PILPICHACA'),
(851, 85, 'QUERCO'),
(852, 85, 'QUITO-ARMA'),
(853, 85, 'SAN ANTONIO DE CUSICANCHA'),
(854, 85, 'SAN FRANCISCO DE SANGAYAICO'),
(855, 85, 'SAN ISIDRO'),
(856, 85, 'SANTIAGO DE CHOCORVOS'),
(857, 85, 'SANTIAGO DE QUIRAHUARA'),
(858, 85, 'SANTO DOMINGO DE CAPILLAS'),
(859, 85, 'TAMBO'),
(860, 86, 'PAMPAS'),
(861, 86, 'ACOSTAMBO'),
(862, 86, 'ACRAQUIA'),
(863, 86, 'AHUAYCHA'),
(864, 86, 'COLCABAMBA'),
(865, 86, 'DANIEL HERNANDEZ'),
(866, 86, 'HUACHOCOLPA'),
(867, 86, 'HUANDO'),
(868, 86, 'HUARIBAMBA'),
(869, 86, ''),
(870, 86, 'PAZOS'),
(871, 86, 'QUISHUAR'),
(872, 86, 'SALCABAMBA'),
(873, 86, 'SALCAHUASI'),
(874, 86, 'SAN MARCOS DE ROCCHAC'),
(875, 86, 'SURCUBAMBA'),
(876, 86, 'TINTAY PUNCU'),
(877, 87, 'HUANUCO'),
(878, 87, 'AMARILIS'),
(879, 87, 'CHINCHAO'),
(880, 87, 'CHURUBAMBA'),
(881, 87, 'MARGOS'),
(882, 87, 'QUISQUI'),
(883, 87, 'SAN FRANCISCO DE CAYRAN'),
(884, 87, 'SAN PEDRO DE CHAULAN'),
(885, 87, 'SANTA MARIA DEL VALLE'),
(886, 87, 'YARUMAYO'),
(887, 87, 'PILLCO MARCA'),
(888, 88, 'AMBO'),
(889, 88, 'CAYNA'),
(890, 88, 'COLPAS'),
(891, 88, 'CONCHAMARCA'),
(892, 88, 'HUACAR'),
(893, 88, 'SAN FRANCISCO'),
(894, 88, 'SAN RAFAEL'),
(895, 88, 'TOMAY KICHWA'),
(896, 89, 'LA UNION'),
(897, 89, 'CHUQUIS'),
(898, 89, 'MARIAS'),
(899, 89, 'PACHAS'),
(900, 89, 'QUIVILLA'),
(901, 89, 'RIPAN'),
(902, 89, 'SHUNQUI'),
(903, 89, 'SILLAPATA'),
(904, 89, 'YANAS'),
(905, 90, 'HUACAYBAMBA'),
(906, 90, 'CANCHABAMBA'),
(907, 90, 'COCHABAMBA'),
(908, 90, 'PINRA'),
(909, 91, 'LLATA'),
(910, 91, 'ARANCAY'),
(911, 91, 'CHAVIN DE PARIARCA'),
(912, 91, 'JACAS GRANDE'),
(913, 91, 'JIRCAN'),
(914, 91, 'MIRAFLORES'),
(915, 91, 'MONZON'),
(916, 91, 'PUNCHAO'),
(917, 91, 'PU'),
(918, 91, 'SINGA'),
(919, 91, 'TANTAMAYO'),
(920, 92, 'RUPA-RUPA'),
(921, 92, 'DANIEL ALOMIA ROBLES'),
(922, 92, 'HERMILIO VALDIZAN'),
(923, 92, 'JOSE CRESPO Y CASTILLO'),
(924, 92, 'LUYANDO'),
(925, 92, 'MARIANO DAMASO BERAUN'),
(926, 93, 'HUACRACHUCO'),
(927, 93, 'CHOLON'),
(928, 93, 'SAN BUENAVENTURA'),
(929, 94, 'PANAO'),
(930, 94, 'CHAGLLA'),
(931, 94, 'MOLINO'),
(932, 94, 'UMARI'),
(933, 95, 'PUERTO INCA'),
(934, 95, 'CODO DEL POZUZO'),
(935, 95, 'HONORIA'),
(936, 95, 'TOURNAVISTA'),
(937, 95, 'YUYAPICHIS'),
(938, 96, 'JESUS'),
(939, 96, 'BA'),
(940, 96, 'JIVIA'),
(941, 96, 'QUEROPALCA'),
(942, 96, 'RONDOS'),
(943, 96, 'SAN FRANCISCO DE ASIS'),
(944, 96, 'SAN MIGUEL DE CAURI'),
(945, 97, 'CHAVINILLO'),
(946, 97, 'CAHUAC'),
(947, 97, 'CHACABAMBA'),
(948, 97, 'CHUPAN'),
(949, 97, 'JACAS CHICO'),
(950, 97, 'OBAS'),
(951, 97, 'PAMPAMARCA'),
(952, 98, 'CHINCHA ALTA'),
(953, 98, 'ALTO LARAN'),
(954, 98, 'CHAVIN'),
(955, 98, 'CHINCHA BAJA'),
(956, 98, 'EL CARMEN'),
(957, 98, 'GROCIO PRADO'),
(958, 98, 'PUEBLO NUEVO'),
(959, 98, 'SAN JUAN DE YANAC'),
(960, 98, 'SAN PEDRO DE HUACARPANA'),
(961, 98, 'SUNAMPE'),
(962, 98, 'TAMBO DE MORA'),
(963, 99, 'ICA'),
(964, 99, 'LA TINGUI'),
(965, 99, 'LOS AQUIJES'),
(966, 99, 'OCUCAJE'),
(967, 99, 'PACHACUTEC'),
(968, 99, 'PARCONA'),
(969, 99, 'PUEBLO NUEVO'),
(970, 99, 'SALAS'),
(971, 99, 'SAN JOSE DE LOS MOLINOS'),
(972, 99, 'SAN JUAN BAUTISTA'),
(973, 99, 'SANTIAGO'),
(974, 99, 'SUBTANJALLA'),
(975, 99, 'TATE'),
(976, 99, 'YAUCA DEL ROSARIO'),
(977, 100, 'NAZCA'),
(978, 100, 'CHANGUILLO'),
(979, 100, 'EL INGENIO'),
(980, 100, 'MARCONA'),
(981, 100, 'VISTA ALEGRE'),
(982, 101, 'PALPA'),
(983, 101, 'LLIPATA'),
(984, 101, 'RIO GRANDE'),
(985, 101, 'SANTA CRUZ'),
(986, 101, 'TIBILLO'),
(987, 102, 'PISCO'),
(988, 102, 'HUANCANO'),
(989, 102, 'HUMAY'),
(990, 102, 'INDEPENDENCIA'),
(991, 102, 'PARACAS'),
(992, 102, 'SAN ANDRES'),
(993, 102, 'SAN CLEMENTE'),
(994, 102, 'TUPAC AMARU INCA'),
(995, 103, 'CHANCHAMAYO'),
(996, 103, 'PERENE'),
(997, 103, 'PICHANAQUI'),
(998, 103, 'SAN LUIS DE SHUARO'),
(999, 103, 'SAN RAMON'),
(1000, 103, 'VITOC'),
(1001, 104, 'CHUPACA'),
(1002, 104, 'AHUAC'),
(1003, 104, 'CHONGOS BAJO'),
(1004, 104, 'HUACHAC'),
(1005, 104, 'HUAMANCACA CHICO'),
(1006, 104, 'SAN JUAN DE YSCOS'),
(1007, 104, 'SAN JUAN DE JARPA'),
(1008, 104, 'TRES DE DICIEMBRE'),
(1009, 104, 'YANACANCHA'),
(1010, 105, 'CONCEPCION'),
(1011, 105, 'ACO'),
(1012, 105, 'ANDAMARCA'),
(1013, 105, 'CHAMBARA'),
(1014, 105, 'COCHAS'),
(1015, 105, 'COMAS'),
(1016, 105, 'HEROINAS TOLEDO'),
(1017, 105, 'MANZANARES'),
(1018, 105, 'MARISCAL CASTILLA'),
(1019, 105, 'MATAHUASI'),
(1020, 105, 'MITO'),
(1021, 105, 'NUEVE DE JULIO'),
(1022, 105, 'ORCOTUNA'),
(1023, 105, 'SAN JOSE DE QUERO'),
(1024, 105, 'SANTA ROSA DE OCOPA'),
(1025, 106, 'HUANCAYO'),
(1026, 106, 'CARHUACALLANGA'),
(1027, 106, 'CHACAPAMPA'),
(1028, 106, 'CHICCHE'),
(1029, 106, 'CHILCA'),
(1030, 106, 'CHONGOS ALTO'),
(1031, 106, 'CHUPURO'),
(1032, 106, 'COLCA'),
(1033, 106, 'CULLHUAS'),
(1034, 106, 'EL TAMBO'),
(1035, 106, 'HUACRAPUQUIO'),
(1036, 106, 'HUALHUAS'),
(1037, 106, 'HUANCAN'),
(1038, 106, 'HUASICANCHA'),
(1039, 106, 'HUAYUCACHI'),
(1040, 106, 'INGENIO'),
(1041, 106, 'PARIAHUANCA'),
(1042, 106, 'PILCOMAYO'),
(1043, 106, 'PUCARA'),
(1044, 106, 'QUICHUAY'),
(1045, 106, 'QUILCAS'),
(1046, 106, 'SAN AGUSTIN'),
(1047, 106, 'SAN JERONIMO DE TUNAN'),
(1048, 106, 'SA'),
(1049, 106, 'SANTO DOMINGO DE ACOBAMBA'),
(1050, 106, 'SAPALLANGA'),
(1051, 106, 'SICAYA'),
(1052, 106, 'VIQUES'),
(1053, 107, 'JAUJA'),
(1054, 107, 'ACOLLA'),
(1055, 107, 'APATA'),
(1056, 107, 'ATAURA'),
(1057, 107, 'CANCHAYLLO'),
(1058, 107, 'CURICACA'),
(1059, 107, 'EL MANTARO'),
(1060, 107, 'HUAMALI'),
(1061, 107, 'HUARIPAMPA'),
(1062, 107, 'HUERTAS'),
(1063, 107, 'JANJAILLO'),
(1064, 107, 'JULCAN'),
(1065, 107, 'LEONOR ORDO'),
(1066, 107, 'LLOCLLAPAMPA'),
(1067, 107, 'MARCO'),
(1068, 107, 'MASMA'),
(1069, 107, 'MASMA CHICCHE'),
(1070, 107, 'MOLINOS'),
(1071, 107, 'MONOBAMBA'),
(1072, 107, 'MUQUI'),
(1073, 107, 'MUQUIYAUYO'),
(1074, 107, 'PACA'),
(1075, 107, 'PACCHA'),
(1076, 107, 'PANCAN'),
(1077, 107, 'PARCO'),
(1078, 107, 'POMACANCHA'),
(1079, 107, 'RICRAN'),
(1080, 107, 'SAN LORENZO'),
(1081, 107, 'SAN PEDRO DE CHUNAN'),
(1082, 107, 'SAUSA'),
(1083, 107, 'SINCOS'),
(1084, 107, 'TUNAN MARCA'),
(1085, 107, 'YAULI'),
(1086, 107, 'YAUYOS'),
(1087, 108, 'JUNIN'),
(1088, 108, 'CARHUAMAYO'),
(1089, 108, 'ONDORES'),
(1090, 108, 'ULCUMAYO'),
(1091, 109, 'SATIPO'),
(1092, 109, 'COVIRIALI'),
(1093, 109, 'LLAYLLA'),
(1094, 109, 'MAZAMARI'),
(1095, 109, 'PAMPA HERMOSA'),
(1096, 109, 'PANGOA'),
(1097, 109, 'RIO NEGRO'),
(1098, 109, 'RIO TAMBO'),
(1099, 110, 'TARMA'),
(1100, 110, 'ACOBAMBA'),
(1101, 110, 'HUARICOLCA'),
(1102, 110, 'HUASAHUASI'),
(1103, 110, 'LA UNION'),
(1104, 110, 'PALCA'),
(1105, 110, 'PALCAMAYO'),
(1106, 110, 'SAN PEDRO DE CAJAS'),
(1107, 110, 'TAPO'),
(1108, 111, 'LA OROYA'),
(1109, 111, 'CHACAPALPA'),
(1110, 111, 'HUAY-HUAY'),
(1111, 111, 'MARCAPOMACOCHA'),
(1112, 111, 'MOROCOCHA'),
(1113, 111, 'PACCHA'),
(1114, 111, 'SANTA BARBARA DE CARHUACAYAN'),
(1115, 111, 'SANTA ROSA DE SACCO'),
(1116, 111, 'SUITUCANCHA'),
(1117, 111, 'YAULI'),
(1118, 112, 'ASCOPE'),
(1119, 112, 'CHICAMA'),
(1120, 112, 'CHOCOPE'),
(1121, 112, 'MAGDALENA DE CAO'),
(1122, 112, 'PAIJAN'),
(1123, 112, 'RAZURI'),
(1124, 112, 'SANTIAGO DE CAO'),
(1125, 112, 'CASA GRANDE'),
(1126, 113, 'BOLIVAR'),
(1127, 113, 'BAMBAMARCA'),
(1128, 113, 'CONDORMARCA'),
(1129, 113, 'LONGOTEA'),
(1130, 113, 'UCHUMARCA'),
(1131, 113, 'UCUNCHA'),
(1132, 114, 'CHEPEN'),
(1133, 114, 'PACANGA'),
(1134, 114, 'PUEBLO NUEVO'),
(1135, 115, 'CASCAS'),
(1136, 115, 'LUCMA'),
(1137, 115, 'MARMOT 1'),
(1138, 115, 'SAYAPULLO'),
(1139, 116, 'JULCAN'),
(1140, 116, 'CALAMARCA'),
(1141, 116, 'CARABAMBA'),
(1142, 116, 'HUASO'),
(1143, 117, 'OTUZCO'),
(1144, 117, 'AGALLPAMPA'),
(1145, 117, 'CHARAT'),
(1146, 117, 'HUARANCHAL'),
(1147, 117, 'LA CUESTA'),
(1148, 117, 'MACHE'),
(1149, 117, 'PARANDAY'),
(1150, 117, 'SALPO'),
(1151, 117, 'SINSICAP'),
(1152, 117, 'USQUIL'),
(1153, 118, 'SAN PEDRO DE LLOC'),
(1154, 118, 'GUADALUPE'),
(1155, 118, 'JEQUETEPEQUE'),
(1156, 118, 'PACASMAYO'),
(1157, 118, 'SAN JOSE'),
(1158, 119, 'TAYABAMBA'),
(1159, 119, 'BULDIBUYO'),
(1160, 119, 'CHILLIA'),
(1161, 119, 'HUANCASPATA'),
(1162, 119, 'HUAYLILLAS'),
(1163, 119, 'HUAYO'),
(1164, 119, 'ONGON'),
(1165, 119, 'PARCOY'),
(1166, 119, 'PATAZ'),
(1167, 119, 'PIAS'),
(1168, 119, 'SANTIAGO DE CHALLAS'),
(1169, 119, 'TAURIJA'),
(1170, 119, 'URPAY'),
(1171, 120, 'HUAMACHUCO'),
(1172, 120, 'CHUGAY'),
(1173, 120, 'COCHORCO'),
(1174, 120, 'CURGOS'),
(1175, 120, 'MARCABAL'),
(1176, 120, 'SANAGORAN'),
(1177, 120, 'SARIN'),
(1178, 120, 'SARTIMBAMBA'),
(1179, 121, 'SANTIAGO DE CHUCO'),
(1180, 121, 'ANGASMARCA'),
(1181, 121, 'CACHICADAN'),
(1182, 121, 'MOLLEBAMBA'),
(1183, 121, 'QUIRUVILCA'),
(1184, 121, 'SANTA CRUZ DE CHUCA'),
(1185, 121, 'SITABAMBA'),
(1186, 121, 'MOLLEPATA'),
(1187, 122, 'TRUJILLO'),
(1188, 122, 'EL PORVENIR'),
(1189, 122, 'FLORENCIA DE MORA'),
(1190, 122, 'HUANCHACO'),
(1191, 122, 'LA ESPERANZA'),
(1192, 122, 'LAREDO'),
(1193, 122, 'MOCHE'),
(1194, 122, 'POROTO'),
(1195, 122, 'SALAVERRY'),
(1196, 122, 'SIMBAL'),
(1197, 122, 'VICTOR LARCO HERRERA'),
(1198, 123, 'VIRU'),
(1199, 123, 'CHAO'),
(1200, 123, 'GUADALUPITO'),
(1201, 124, 'LAMBAYEQUE'),
(1202, 124, 'CHOCHOPE'),
(1203, 124, 'ILLIMO'),
(1204, 124, 'JAYANCA'),
(1205, 124, 'MOCHUMI'),
(1206, 124, 'MORROPE'),
(1207, 124, 'MOTUPE'),
(1208, 124, 'OLMOS'),
(1209, 124, 'PACORA'),
(1210, 124, 'SALAS'),
(1211, 124, 'SAN JOSE'),
(1212, 124, 'TUCUME'),
(1213, 125, 'FERRE'),
(1214, 125, 'CA'),
(1215, 125, 'INCAHUASI'),
(1216, 125, 'MANUEL ATONIO MESONES MURO'),
(1217, 125, 'PITIPO'),
(1218, 125, 'PUEBLO NUEVO'),
(1219, 126, 'LAMBAYEQUE'),
(1220, 126, 'CHOCHOPE'),
(1221, 126, 'ILLIMO'),
(1222, 126, 'JAYANCA'),
(1223, 126, 'MOCHUMI '),
(1224, 126, 'MORROPE'),
(1225, 126, 'MOTUPE'),
(1226, 126, 'OLMOS'),
(1227, 126, 'PACORA'),
(1228, 126, 'SALAS'),
(1229, 126, 'SAN JOSE'),
(1230, 126, 'TUCUME'),
(1231, 127, 'BARRANCA'),
(1232, 127, 'PARAMONGA'),
(1233, 127, 'PATIVILCA'),
(1234, 127, 'SUPE'),
(1235, 127, 'SUPE PUERTO'),
(1236, 128, 'CAJATAMBO'),
(1237, 128, 'COPA'),
(1238, 128, 'GORGOR'),
(1239, 128, 'HUANCAPON'),
(1240, 128, 'MANAS'),
(1241, 129, 'CANTA'),
(1242, 129, 'ARAHUAY '),
(1243, 129, 'HUAMANTANGA'),
(1244, 129, 'HUAROS'),
(1245, 129, 'LACHAQUI'),
(1246, 129, 'SAN BUENAVENTURA'),
(1247, 129, 'SANTA ROSA DE QUIVES'),
(1248, 130, 'SAN VICENTE DE CA'),
(1249, 130, 'ASIA'),
(1250, 130, 'CALANGO'),
(1251, 130, 'CERRO AZUL'),
(1252, 130, 'CHILCA'),
(1253, 130, 'COAYLLO'),
(1254, 130, 'IMPERIAL '),
(1255, 130, 'LUNAHUANA'),
(1256, 130, 'MALA'),
(1257, 130, 'NUEVO IMPERIAL'),
(1258, 130, 'PACARAN'),
(1259, 130, 'QUILMANA'),
(1260, 130, 'SAN ANTONIO'),
(1261, 130, 'SAN LUIS'),
(1262, 130, 'SANTA CRUZ DE FLORES'),
(1263, 130, 'ZU'),
(1264, 131, 'HUARAL'),
(1265, 131, 'ATAVILLOS ALTO'),
(1266, 131, 'ATAVILLOS BAJO'),
(1267, 131, 'AUCALLAMA'),
(1268, 131, 'CHANCAY'),
(1269, 131, 'IHUARI'),
(1270, 131, 'LAMPIAN'),
(1271, 131, 'PACARAOS'),
(1272, 131, 'SAN MIGUEL DE ACOS'),
(1273, 131, 'SANTA CRUZ DE ANDAMARCA'),
(1274, 131, 'SUMBILCA'),
(1275, 131, 'VEINTISIETE DE NOVIEMBRE'),
(1276, 132, 'MATUCANA'),
(1277, 132, 'ANTIOQUIA'),
(1278, 132, 'CALLAHUANCA'),
(1279, 132, 'CARAMPOMA'),
(1280, 132, 'CHICLA'),
(1281, 132, 'CUENCA'),
(1282, 132, 'HUACHUPAMPA'),
(1283, 132, 'HUANZA'),
(1284, 132, 'HUAROCHIRI'),
(1285, 132, 'LAHUAYTAMBO'),
(1286, 132, 'LANGA'),
(1287, 132, 'LARAOS'),
(1288, 132, 'MARIATANA'),
(1289, 132, 'RICARDO PALMA'),
(1290, 132, 'SAN ANDRES DE TUPICOCHA'),
(1291, 132, 'SAN ANTONIO'),
(1292, 132, 'SAN BARTOLOME'),
(1293, 132, 'SAN DAMIAN'),
(1294, 132, 'SAN JUAN DE IRIS'),
(1295, 132, 'SAN JUAN DE TANTARANCHE'),
(1296, 132, 'SAN LORENZO DE QUINTI'),
(1297, 132, 'SAN MATEO'),
(1298, 132, 'SAN MATEO DE OTAO'),
(1299, 132, 'SAN PEDRO DE CASTA'),
(1300, 132, 'SAN PEDRO DE HUANCAYRE'),
(1301, 132, 'SANGALLAYA'),
(1302, 132, 'SANTA CRUZ DE COCACHACRA'),
(1303, 132, 'SANTA EULALIA'),
(1304, 132, 'SANTIAGO DE ANCHUCAYA'),
(1305, 132, 'SANTIAGO DE TUNA'),
(1306, 132, 'SANTO DOMINGO DE LOS OLLEROS'),
(1307, 132, 'SURCO'),
(1308, 133, 'HUACHO'),
(1309, 133, 'AMBAR'),
(1310, 133, 'CALETA DE CARQUIN'),
(1311, 133, 'CHECRAS'),
(1312, 133, 'HUALMAY'),
(1313, 133, 'HUAURA'),
(1314, 133, 'LEONCIO PRADO'),
(1315, 133, 'PACCHO'),
(1316, 133, 'SANTA LEONOR'),
(1317, 133, 'SANTA MARIA'),
(1318, 133, 'SAYAN'),
(1319, 133, 'VEGUETA'),
(1320, 134, 'LIMA'),
(1321, 134, 'ANCON'),
(1322, 134, 'ATE'),
(1323, 134, 'BARRANCO'),
(1324, 134, 'BRE'),
(1325, 134, 'CARABAYLLO'),
(1326, 134, 'CHACLACAYO'),
(1327, 134, 'CHORRILLOS'),
(1328, 134, 'CIENEGUILLA'),
(1329, 134, 'COMAS'),
(1330, 134, 'EL AGUSTINO'),
(1331, 134, 'INDEPENDENCIA'),
(1332, 134, 'JESUS MARIA'),
(1333, 134, 'LA MOLINA'),
(1334, 134, 'LA VICTORIA'),
(1335, 134, 'LINCE'),
(1336, 134, 'LOS OLIVOS'),
(1337, 134, 'LURIGANCHO'),
(1338, 134, 'LURIN'),
(1339, 134, 'MAGDALENA DEL MAR'),
(1340, 134, 'MAGDALENA VIEJA'),
(1341, 134, 'MIRAFLORES'),
(1342, 134, 'PACHACAMAC'),
(1343, 134, 'PUCUSANA'),
(1344, 134, 'PUENTE PIEDRA'),
(1345, 134, 'PUNTA HERMOSA'),
(1346, 134, 'PUNTA NEGRA'),
(1347, 134, 'RIMAC'),
(1348, 134, 'SAN BARTOLO'),
(1349, 134, 'SAN BORJA'),
(1350, 134, 'SAN ISIDRO'),
(1351, 134, 'SAN JUAN DE LURIGANCHO'),
(1352, 134, 'SAN JUAN DE MIRAFLORES'),
(1353, 134, 'SAN LUIS'),
(1354, 134, 'SAN MARTIN DE PORRES'),
(1355, 134, 'SAN MIGUEL'),
(1356, 134, 'SANTA ANITA'),
(1357, 134, 'SANTA MARIA DEL MAR'),
(1358, 134, 'SANTA ROSA'),
(1359, 134, 'SANTIAGO DE SURCO'),
(1360, 134, 'SURQUILLO'),
(1361, 134, 'VILLA EL SALVADOR'),
(1362, 134, 'VILLA MARIA DEL TRIUNFO'),
(1363, 135, 'OYON'),
(1364, 135, 'ANDAJES'),
(1365, 135, 'CAUJUL'),
(1366, 135, 'COCHAMARCA'),
(1367, 135, 'NAVAN'),
(1368, 135, 'PACHANGARA'),
(1369, 136, 'YAUYOS'),
(1370, 136, 'ALIS'),
(1371, 136, 'AYAUCA'),
(1372, 136, 'AYAVIRI'),
(1373, 136, 'AZANGARO'),
(1374, 136, 'CACRA'),
(1375, 136, 'CARANIA'),
(1376, 136, 'CATAHUASI'),
(1377, 136, 'CHOCOS'),
(1378, 136, 'COCHAS'),
(1379, 136, 'COLONIA'),
(1380, 136, 'HONGOS'),
(1381, 136, 'HUAMPARA'),
(1382, 136, 'HUANCAYA'),
(1383, 136, 'HUANGASCAR'),
(1384, 136, 'HUANTAN'),
(1385, 136, 'HUA'),
(1386, 136, 'LARAOS'),
(1387, 136, 'LINCHA'),
(1388, 136, 'MADEAN'),
(1389, 136, 'MIRAFLORES'),
(1390, 136, 'OMAS'),
(1391, 136, 'PUTINZA'),
(1392, 136, 'QUINCHES'),
(1393, 136, 'QUINOCAY'),
(1394, 136, 'SAN JOAQUIN'),
(1395, 136, 'SAN PEDRO DE PILAS'),
(1396, 136, 'TANTA'),
(1397, 136, 'TAURIPAMPA'),
(1398, 136, 'TOMAS'),
(1399, 136, 'TUPE '),
(1400, 136, 'VI'),
(1401, 136, 'VITIS'),
(1402, 137, 'YURIMAGUAS'),
(1403, 137, 'BALSAPUERTO'),
(1404, 137, 'BARRANCA'),
(1405, 137, 'CAHUAPANAS'),
(1406, 137, 'JEBEROS'),
(1407, 137, 'LAGUNAS'),
(1408, 137, 'MANSERICHE'),
(1409, 137, 'MORONA'),
(1410, 137, 'PASTAZA'),
(1411, 137, 'SANTA CRUZ'),
(1412, 137, 'TENIENTE CESAR LOPEZ ROJAS'),
(1413, 138, 'NAUTA'),
(1414, 138, 'PARINARI 2'),
(1415, 138, 'TIGRE'),
(1416, 138, 'TROMPETEROS'),
(1417, 138, 'URARINAS'),
(1418, 139, 'RAMON CASTILLA'),
(1419, 139, 'PEBAS'),
(1420, 139, 'YAVARI'),
(1421, 139, 'SAN PABLO'),
(1422, 140, 'IQUITOS'),
(1423, 140, 'ALTO NANAY'),
(1424, 140, 'FERNANDO LORES'),
(1425, 140, 'INDIANA'),
(1426, 140, 'LAS AMAZONAS'),
(1427, 140, 'MAZAN'),
(1428, 140, 'NAPO'),
(1429, 140, 'PUNCHANA'),
(1430, 140, 'PUTUMAYO'),
(1431, 140, 'TORRES CAUSANA'),
(1432, 140, 'BELEN'),
(1433, 140, 'SAN JUAN BAUTISTA'),
(1434, 141, 'REQUENA'),
(1435, 141, 'ALTO TAPICHE'),
(1436, 141, 'CAPELO'),
(1437, 141, 'EMILIO SAN MARTIN'),
(1438, 141, 'MAQUIA'),
(1439, 141, 'PUINAHUA'),
(1440, 141, 'SAQUENA'),
(1441, 141, 'SOPLIN'),
(1442, 141, 'TAPICHE'),
(1443, 141, 'YAQUERANA'),
(1444, 141, 'JENARO HERRERA'),
(1445, 142, 'CONTAMANA'),
(1446, 142, 'INAHUAYA'),
(1447, 142, 'PADRE MARQUEZ'),
(1448, 142, 'PAMPA HERMOSA'),
(1449, 142, 'SARAYACU'),
(1450, 142, 'VARGAS GUERRA'),
(1451, 143, 'FITZCARRALD'),
(1452, 143, 'MANU '),
(1453, 143, 'MADRE DE DIOS'),
(1454, 143, 'HEUPETUHE'),
(1455, 144, 'I'),
(1456, 144, 'IBERIA'),
(1457, 144, 'TAHUAMANU'),
(1458, 145, 'TAMBOPATA'),
(1459, 145, 'INAMBARI'),
(1460, 145, 'LAS PIEDRAS'),
(1461, 145, 'LABERINTO'),
(1462, 146, 'OMATE'),
(1463, 146, 'CHOJATA'),
(1464, 146, 'COALAQUE'),
(1465, 146, 'ICHU'),
(1466, 146, 'LA CAPILLA'),
(1467, 146, 'LLOQUE'),
(1468, 146, 'MATALAQUE'),
(1469, 146, 'PUQUINA'),
(1470, 146, 'QUINISTAQUILLAS'),
(1471, 146, 'UBINAS'),
(1472, 146, 'YUNGA'),
(1473, 147, 'ILO'),
(1474, 147, 'EL ALGARROBAL'),
(1475, 147, 'PACOCHA'),
(1476, 148, 'MOQUEGUA'),
(1477, 148, 'CARUMAS'),
(1478, 148, 'CUCHUMBAYA'),
(1479, 148, 'SAMEGUA'),
(1480, 148, 'SAN CRISTOBAL'),
(1481, 148, 'TORATA'),
(1482, 149, 'YANAHUANCA'),
(1483, 149, 'CHACAYAN'),
(1484, 149, 'GOYLLARISQUIZGA'),
(1485, 149, 'PAUCAR'),
(1486, 149, 'SAN PEDRO DE PILLAO'),
(1487, 149, 'SANTA ANA DE TUSI'),
(1488, 149, 'TAPUC'),
(1489, 149, 'VILCABAMBA'),
(1490, 150, 'OXAPAMPA'),
(1491, 150, 'CHONTABAMBA'),
(1492, 150, 'HUANCABAMBA'),
(1493, 150, 'PALCAZU'),
(1494, 150, 'POZUZO'),
(1495, 150, 'PUERTO BERMUDEZ'),
(1496, 150, 'VILLA RICA'),
(1497, 151, 'CHAUPIMARCA'),
(1498, 151, 'HUACHON'),
(1499, 151, 'HUARIACA'),
(1500, 151, 'HUAYLLAY'),
(1501, 151, 'NINACACA'),
(1502, 151, 'PALLANCHACRA'),
(1503, 151, 'PAUCARTAMBO'),
(1504, 151, 'SAN FCO.DE ASIS DE YARUSYACAN'),
(1505, 151, 'SIMON BOLIVAR'),
(1506, 151, 'TICLACAYAN'),
(1507, 151, 'TINYAHUARCO'),
(1508, 151, 'VICCO'),
(1509, 151, 'YANACANCHA'),
(1510, 152, 'PIURA'),
(1511, 152, 'CASTILLA'),
(1512, 152, 'CATACAOS'),
(1513, 152, 'CURA MORI'),
(1514, 152, 'EL TALLAN'),
(1515, 152, 'LA ARENA'),
(1516, 152, 'LA UNION'),
(1517, 152, 'LAS LOMAS'),
(1518, 152, 'TAMBO GRANDE'),
(1519, 153, 'HUANCABAMBA'),
(1520, 153, 'CANCHAQUE'),
(1521, 153, 'EL CARMEN DE LA FRONTERA'),
(1522, 153, 'HUARMACA'),
(1523, 153, 'SAN MIGUEL DE EL FAIQUE '),
(1524, 153, 'LALAQUIZ'),
(1525, 153, 'SONDOR'),
(1526, 153, 'SONDORILLO'),
(1527, 154, 'CHULUCANAS'),
(1528, 154, 'BUENOS AIRES'),
(1529, 154, 'CHALACO'),
(1530, 154, 'LA MATANZA'),
(1531, 154, 'MORROPON'),
(1532, 154, 'SALITRAL'),
(1533, 154, 'SAN JUAN DE BIGOTE'),
(1534, 154, 'SANTA CATALINA DE MOSSA'),
(1535, 154, 'SANTO DOMINGO'),
(1536, 154, 'YAMANGO'),
(1537, 155, 'PAITA'),
(1538, 155, 'AMOTAPE'),
(1539, 155, 'ARENAL'),
(1540, 155, 'COLAN'),
(1541, 155, 'LA HUACA'),
(1542, 155, 'TAMARINDO'),
(1543, 155, 'VICHAYAL'),
(1544, 156, 'PIURA'),
(1545, 156, 'CASTILLA'),
(1546, 156, 'CATACAOS '),
(1547, 156, 'CURA MORI'),
(1548, 156, 'EL TALLAN'),
(1549, 156, 'LA ARENA'),
(1550, 156, 'LA UNION'),
(1551, 156, 'LAS LOMAS'),
(1552, 156, 'TAMBO GRANDE'),
(1553, 157, 'SECHURA'),
(1554, 157, 'BELLAVISTA LA UNION'),
(1555, 157, 'BERNAL'),
(1556, 157, 'CRISTO NOS VALGA'),
(1557, 157, 'RINCONADA LLICUAR'),
(1558, 157, 'VICE'),
(1559, 158, 'SULLANA'),
(1560, 158, 'BELLAVISTA'),
(1561, 158, 'IGNACIO ESCUDERO'),
(1562, 158, 'LANCONES'),
(1563, 158, 'SALITRAL'),
(1564, 158, 'MARCAVELICA'),
(1565, 158, 'MIGUEL CHECA'),
(1566, 158, 'QUERECOTILLO'),
(1567, 159, 'PARI'),
(1568, 159, 'EL ALTO'),
(1569, 159, 'LA BREA'),
(1570, 159, 'LOBITOS'),
(1571, 159, 'LOS ORGANOS'),
(1572, 159, 'MANCORA'),
(1573, 160, 'PUNO'),
(1574, 160, 'ACORA'),
(1575, 160, 'AMANTANI'),
(1576, 160, 'ATUNCOLLA'),
(1577, 160, 'CAPACHICA'),
(1578, 160, 'CHUCUITO'),
(1579, 160, 'COATA'),
(1580, 160, 'HUATA'),
(1581, 160, 'MA'),
(1582, 160, 'PAUCARCOLLA'),
(1583, 160, 'PICHACANI'),
(1584, 160, 'PLATERIA'),
(1585, 160, 'SAN ANTONIO'),
(1586, 160, 'TIQUILLACA'),
(1587, 160, 'VILQUE'),
(1588, 161, 'AZANGARO'),
(1589, 161, 'ACHAYA'),
(1590, 161, 'ARAPA'),
(1591, 161, 'ASILLO'),
(1592, 161, 'CAMINACA'),
(1593, 161, 'CHUPA'),
(1594, 161, 'JOSE DOMINGO CHOQUEHUANCA'),
(1595, 161, 'MU'),
(1596, 161, 'POTONI'),
(1597, 161, 'SAMAN'),
(1598, 161, 'SAN ANTON'),
(1599, 161, 'SAN JOSE'),
(1600, 161, 'SAN JUAN DE SALINAS'),
(1601, 161, 'SANTIAGO DE PUPUJA'),
(1602, 161, 'TIRAPATA'),
(1603, 162, 'MACUSANI'),
(1604, 162, 'AJOYANI'),
(1605, 162, 'AYAPATA'),
(1606, 162, 'COASA'),
(1607, 162, 'CORANI'),
(1608, 162, 'CRUCERO'),
(1609, 162, 'ITUATA'),
(1610, 162, 'OLLACHEA'),
(1611, 162, 'SAN GABAN'),
(1612, 162, 'USICAYOS'),
(1613, 163, 'JULI'),
(1614, 163, 'DESAGUADERO'),
(1615, 163, 'HUACULLANI'),
(1616, 163, 'KELLUYO'),
(1617, 163, 'PISACOMA'),
(1618, 163, 'POMATA'),
(1619, 163, 'ZEPITA'),
(1620, 164, 'ILAVE'),
(1621, 164, 'CAPAZO'),
(1622, 164, 'PILCUYO'),
(1623, 164, 'SANTA ROSA'),
(1624, 164, 'CONDURIRI'),
(1625, 165, 'HUANCANE'),
(1626, 165, 'COJATA'),
(1627, 165, 'HUATASANI'),
(1628, 165, 'INCHUPALLA'),
(1629, 165, 'PUSI'),
(1630, 165, 'ROSASPATA'),
(1631, 165, 'TARACO'),
(1632, 165, 'VILQUE CHICO'),
(1633, 166, 'LAMPA'),
(1634, 166, 'CABANILLA'),
(1635, 166, 'CALAPUJA'),
(1636, 166, 'NICASIO'),
(1637, 166, 'OCUVIRI'),
(1638, 166, 'PALCA'),
(1639, 166, 'PARATIA'),
(1640, 166, 'PUCARA'),
(1641, 166, 'SANTA LUCIA'),
(1642, 166, 'VILAVILA'),
(1643, 167, 'AYAVIRI'),
(1644, 167, 'ANTAUTA'),
(1645, 167, 'CUPI'),
(1646, 167, 'LLALLI'),
(1647, 167, 'MACARI'),
(1648, 167, 'NU'),
(1649, 167, 'ORURILLO'),
(1650, 167, 'SANTA ROSA'),
(1651, 167, 'UMACHIRI'),
(1652, 168, 'MOHO'),
(1653, 168, 'CONIMA'),
(1654, 168, 'HUAYRAPATA'),
(1655, 168, 'TILALI'),
(1656, 169, 'PUTINA'),
(1657, 169, 'ANANEA'),
(1658, 169, 'PEDRO VILCA APAZA'),
(1659, 169, 'QUILCAPUNCU'),
(1660, 169, 'SINA'),
(1661, 170, 'JULIACA'),
(1662, 170, 'CABANA'),
(1663, 170, 'CABANILLAS'),
(1664, 170, 'CARACOTO'),
(1665, 171, 'SANDIA'),
(1666, 171, 'CUYOCUYO'),
(1667, 171, 'LIMBANI'),
(1668, 171, 'PATAMBUCO'),
(1669, 171, 'PHARA'),
(1670, 171, 'QUIACA'),
(1671, 171, 'SAN JUAN DEL ORO'),
(1672, 171, 'YANAHUAYA'),
(1673, 171, 'ALTO INAMBARI'),
(1674, 172, 'YUNGUYO'),
(1675, 172, 'ANAPIA'),
(1676, 172, 'COPANI'),
(1677, 172, 'CUTURAPI'),
(1678, 172, 'OLLARAYA'),
(1679, 172, 'TINICACHI'),
(1680, 172, 'UNICACHI'),
(1681, 173, 'BELLAVISTA'),
(1682, 173, 'ALTO BIAVO'),
(1683, 173, 'BAJO BIAVO'),
(1684, 173, 'HUALLAGA'),
(1685, 173, 'SAN PABLO'),
(1686, 173, 'SAN RAFAEL'),
(1687, 174, 'SAN JOSE DE SISA'),
(1688, 174, 'AGUA BLANCA'),
(1689, 174, 'SAN MARTIN'),
(1690, 174, 'SANTA ROSA'),
(1691, 174, 'SHATOJA'),
(1692, 175, 'SAPOSOA'),
(1693, 175, 'ALTO SAPOSOA'),
(1694, 175, 'EL ESLABON'),
(1695, 175, 'PISCOYACU '),
(1696, 175, 'SACANCHE'),
(1697, 175, 'TINGO DE SAPOA'),
(1698, 176, 'LAMAS'),
(1699, 176, 'ALONSO DE ALVARA'),
(1700, 176, 'BARRANQUITA'),
(1701, 176, 'CAYNARACHI'),
(1702, 176, 'CU'),
(1703, 176, 'PINTO RECODO'),
(1704, 176, 'RUMISAPA'),
(1705, 176, 'SAN ROQUE DE CUMBAZA'),
(1706, 176, 'SHANAO'),
(1707, 176, 'TABALOSOS'),
(1708, 176, 'ZAPATERO'),
(1709, 177, 'JUANJUI'),
(1710, 177, 'CAMPANILLA'),
(1711, 177, 'HUICUNGO'),
(1712, 177, 'PACHIZA'),
(1713, 177, 'PAJARILLO'),
(1714, 178, 'MOYOBAMBA'),
(1715, 178, 'CALZADDA'),
(1716, 178, 'HABANA'),
(1717, 178, 'JEPELACIO'),
(1718, 178, 'SORITOR'),
(1719, 178, 'YANTALO'),
(1720, 179, 'PICOTA'),
(1721, 179, 'BUENOS AIRES'),
(1722, 179, 'CASPISAPA'),
(1723, 179, 'PILLUANA'),
(1724, 179, 'PUCACACA'),
(1725, 179, 'SAN CRISTOBAL'),
(1726, 179, 'SAN HILARION'),
(1727, 179, 'SHAMBOYACU'),
(1728, 179, 'TINGO DE PONASA'),
(1729, 179, 'TRES UNIDOS'),
(1730, 180, 'RIOJA'),
(1731, 180, 'AWAJUN'),
(1732, 180, 'ELIAS SOPLIN VARGAS'),
(1733, 180, 'NUEVA CAJAMARCA'),
(1734, 180, 'PARDO MIGUEL'),
(1735, 180, 'POSIC'),
(1736, 180, 'SAN FERNANDO'),
(1737, 180, 'YORONGOS'),
(1738, 180, 'YURACYACU'),
(1739, 181, 'TARAPOTO'),
(1740, 181, 'ALBERTO LEVEAU'),
(1741, 181, 'CACATACHI'),
(1742, 181, 'CHAZUTA'),
(1743, 181, 'CHIPURANA'),
(1744, 181, 'EL PORVENIR'),
(1745, 181, 'HUMBAYOC'),
(1746, 181, 'JUAN GUERRA'),
(1747, 181, 'LA BANDA DE SHILCAYO'),
(1748, 181, 'MORALES'),
(1749, 181, 'PAPAPLAYA'),
(1750, 181, 'SAN ANTONIO'),
(1751, 181, 'SAUCE'),
(1752, 181, 'SHAPAJA'),
(1753, 182, 'TOCACHE'),
(1754, 182, 'NUEVO PROGRESO'),
(1755, 182, 'POLVORA'),
(1756, 182, 'SHUNTE'),
(1757, 182, 'UCHIZA'),
(1758, 183, 'TACNA'),
(1759, 183, 'ALTO DE LA ALIANZA'),
(1760, 183, 'CALANA'),
(1761, 183, 'INCLAN'),
(1762, 183, 'PACHIA'),
(1763, 183, 'PALCA'),
(1764, 183, 'POCOLLAY'),
(1765, 183, 'SAMA'),
(1766, 183, 'CIUDAD NUEVA'),
(1767, 184, 'CANDARAVE'),
(1768, 184, 'CAIRANI'),
(1769, 184, 'CAMILACA'),
(1770, 184, 'CURIBAYA'),
(1771, 184, 'HUANUARA'),
(1772, 184, 'QUILAHUANI'),
(1773, 185, 'LOCUMBA'),
(1774, 185, 'LABAYA'),
(1775, 185, 'ITE'),
(1776, 186, 'TARATA'),
(1777, 186, 'CHUCATAMANI'),
(1778, 186, 'ESTIQUE'),
(1779, 186, 'ESTIQUE-PAMPA'),
(1780, 186, 'SITAJARA'),
(1781, 186, 'SUSAPAYA'),
(1782, 186, 'TARUCACHI'),
(1783, 186, 'TICACO'),
(1784, 187, 'ZORRITOS'),
(1785, 187, 'CASITAS'),
(1786, 188, 'TUMBES'),
(1787, 188, 'CORRALES'),
(1788, 188, 'LA CRUZ'),
(1789, 188, 'PAMPAS DE HOSPITAL '),
(1790, 188, 'SAN JACINTO'),
(1791, 188, 'SAN JUAN DE LA VIRGEN'),
(1792, 189, 'ZARUMILLA'),
(1793, 189, 'AGUAS VERDES'),
(1794, 189, 'MATAPALO'),
(1795, 189, 'PAPAYAL'),
(1796, 190, 'RAYMONDI'),
(1797, 190, 'SEPAHUA'),
(1798, 190, 'TAHUANIA'),
(1799, 190, 'YURUA'),
(1800, 191, 'CALLARIA'),
(1801, 191, 'CAMPOVERDE'),
(1802, 191, 'IPARIA'),
(1803, 191, 'MASISEA'),
(1804, 191, 'YARINACOCHA'),
(1805, 191, 'NUEVA REQUENA'),
(1806, 192, 'PADRE ABAD'),
(1807, 192, 'IRAZOLA'),
(1808, 192, 'CURIMANA'),
(1809, 193, 'PURUS');

-- --------------------------------------------------------

--
-- Estructura de tabla para la tabla `personas`
--

CREATE TABLE `personas` (
  `dni` varchar(8) NOT NULL,
  `nombres` varchar(50) NOT NULL,
  `apellidopa` varchar(50) NOT NULL,
  `apellidoma` varchar(50) NOT NULL
) ENGINE=InnoDB DEFAULT CHARSET=latin1;

--
-- Volcado de datos para la tabla `personas`
--

INSERT INTO `personas` (`dni`, `nombres`, `apellidopa`, `apellidoma`) VALUES
('02162584', 'Marcelina', 'Flores', 'Ticona'),
('41252142', 'Hugo', 'Machaca', 'Huayta'),
('43158430', 'Dania Yin', 'Poma', 'Ramos'),
('74758884', 'Marcos', 'Tola', 'Quico'),
('75847441', 'Luis Enrique', 'Neira', 'Obregon'),
('80026530', 'Lenin', 'Huayta', 'Flores'),
('85524136', 'Luz', 'Centeno', 'Rojas'),
('85715251', 'Jorge', 'Flores', 'Ticona'),
('85741127', 'Juan', 'Perez', 'Mamani'),
('95212214', 'Carlos', 'Huayta', 'Gutierrez');

-- --------------------------------------------------------

--
-- Estructura de tabla para la tabla `provincias`
--

CREATE TABLE `provincias` (
  `id_Provincia` int(10) UNSIGNED NOT NULL,
  `id_Departamento` int(10) UNSIGNED NOT NULL,
  `NombreProvincia` varchar(50) DEFAULT NULL
) ENGINE=MyISAM DEFAULT CHARSET=utf8;

--
-- Volcado de datos para la tabla `provincias`
--

INSERT INTO `provincias` (`id_Provincia`, `id_Departamento`, `NombreProvincia`) VALUES
(1, 1, 'BAGUA'),
(2, 1, 'BONGARA'),
(3, 1, 'CHACHAPOYAS'),
(4, 1, 'CONDORCANQUI'),
(5, 1, 'LUYA'),
(6, 1, 'RODRIGUEZ DE MENDOZA'),
(7, 1, 'UTCUBAMBA'),
(8, 2, 'AIJA'),
(9, 2, 'ANTONIO RAYMONDI'),
(10, 2, 'ASUNCION'),
(11, 2, 'BOLOGNESI'),
(12, 2, 'CARHUAZ'),
(13, 2, 'CARLOS F. FITZCARRALD'),
(14, 2, 'CASMA'),
(15, 2, 'CORONGO'),
(16, 2, 'HUARAZ'),
(17, 2, 'HUARI'),
(18, 2, 'HUARMEY'),
(19, 2, 'HUAYLAS'),
(20, 2, 'MARISCAL LUZURIAGA'),
(21, 2, 'OCROS'),
(22, 2, 'PALLASCA'),
(23, 2, 'POMABAMBA'),
(24, 2, 'RECUAY'),
(25, 2, 'SANTA'),
(26, 2, 'SIHUAS'),
(27, 2, 'YUNGAY'),
(28, 3, 'ABANCAY'),
(29, 3, 'ANDAHUAYLAS'),
(30, 3, 'ANTABAMBA'),
(31, 3, 'AYMARAES'),
(32, 3, 'CHINCHEROS'),
(33, 3, 'COTABAMBAS'),
(34, 3, 'GRAU'),
(35, 4, 'AREQUIPA'),
(36, 4, 'CAMANA'),
(37, 4, 'CARAVELI'),
(38, 4, 'CASTILLA'),
(39, 4, 'CAYLLOMA'),
(40, 4, 'SONDESUYOS'),
(41, 4, 'ISLAY'),
(42, 4, 'LA UNION'),
(43, 5, 'CANGALLO'),
(44, 5, 'HUANTA'),
(45, 5, 'HUANCASANCOS'),
(46, 5, 'HUAMANGA'),
(47, 5, 'LA MAR'),
(48, 5, 'LUCANAS'),
(49, 5, 'PARINACOCHAS'),
(50, 5, 'PAUCAR DEL SARA SARA'),
(51, 5, 'SUCRE'),
(52, 5, 'VICTOR FAJARDO'),
(53, 5, 'VILCAS HUAMAN'),
(54, 6, 'CAJABAMBA'),
(55, 6, 'CAJAMARCA'),
(56, 6, 'CELENDIN'),
(57, 6, 'CHOTA'),
(58, 6, 'CONTUMAZA'),
(59, 6, 'CUTERVO'),
(60, 6, 'HUALGAYOC'),
(61, 6, 'JAEN'),
(62, 6, 'SAN IGNACIO'),
(63, 6, 'SAN MARCOS'),
(64, 6, 'SAN MIGUEL'),
(65, 6, 'SAN PABLO'),
(66, 6, 'SANTA CRUZ'),
(67, 7, 'ACOMAYO'),
(68, 7, 'ANTA'),
(69, 7, 'CALCA'),
(70, 7, 'CANAS'),
(71, 7, 'CANCHIS'),
(72, 7, 'LA CONVENCION'),
(73, 7, 'CUSCO'),
(74, 7, 'CHUMBIVILCAS'),
(75, 7, 'ESPINAR'),
(76, 7, 'PARURO'),
(77, 7, 'PAUCARTAMBO'),
(78, 7, 'QUISPICANCHIS'),
(79, 7, 'URUBAMBA'),
(80, 8, 'ACOBAMBA'),
(81, 8, 'ANGARAES'),
(82, 8, 'CASTROVIRREYNA'),
(83, 8, 'CHURCAMPA'),
(84, 8, 'HUANCAVELICA'),
(85, 8, 'HUAYTARA'),
(86, 8, 'TAYACAJA'),
(87, 9, 'HUANUCO'),
(88, 9, 'AMBO'),
(89, 9, 'DOS DE MAYO'),
(90, 9, 'HUACAYBAMBA'),
(91, 9, 'HUAMALIES'),
(92, 9, 'LEONCIO PRADO'),
(93, 9, 'MARA'),
(94, 9, 'PACHITEA'),
(95, 9, 'PUERTO INCA'),
(96, 9, 'LAURICOCHA'),
(97, 9, 'YAROWILCA'),
(98, 10, 'CHINCHA'),
(99, 10, 'ICA'),
(100, 10, 'NAZCA'),
(101, 10, 'PALPA'),
(102, 10, 'PISCO'),
(103, 11, 'CHANCHAMAYO'),
(104, 11, 'CHUPACA'),
(105, 11, 'CONCEPCION'),
(106, 11, 'HUANCAYO'),
(107, 11, 'JAUJA'),
(108, 11, 'JUNIN'),
(109, 11, 'SATIPO'),
(110, 11, 'TARMA'),
(111, 11, 'YAULI'),
(112, 12, 'ASCOPE'),
(113, 12, 'BOLIVAR'),
(114, 12, 'CHEPEN'),
(115, 12, 'GRAN CHIMU'),
(116, 12, 'JULCAN'),
(117, 12, 'OTUZCO'),
(118, 12, 'PACASMAYO'),
(119, 12, 'PATAZ'),
(120, 12, 'SANCHEZ CARRION'),
(121, 12, 'SANTIAGO DE CHUCO'),
(122, 12, 'TRUJILLO'),
(123, 12, 'VIRU'),
(124, 13, 'CHICLAYO'),
(125, 13, 'FERRE'),
(126, 13, 'LAMBEYEQUE'),
(127, 14, 'BARRANCA'),
(128, 14, 'CAJATAMBO'),
(129, 14, 'CANTA'),
(130, 14, 'CA'),
(131, 14, 'HUARAL'),
(132, 14, 'HUAROCHIRI'),
(133, 14, 'HUAURA'),
(134, 14, 'LIMA'),
(135, 14, 'OYON'),
(136, 14, 'YAUYOS'),
(137, 15, 'ALTO AMAZONAS'),
(138, 15, 'LORETO'),
(139, 15, 'MARISCAL RAMON CASTILLA'),
(140, 15, 'MAYNAS'),
(141, 15, 'REQUENA'),
(142, 15, 'UCAYALI'),
(143, 16, 'MANU'),
(144, 16, 'TAHUAMANU'),
(145, 16, 'TAMBOPATA'),
(146, 17, 'GENERAL SANCHEZ CERRO'),
(147, 17, 'ILO'),
(148, 17, 'MARISCAL NIETO'),
(149, 18, 'DANIEL A. CARRION'),
(150, 18, 'OXAPAMPA'),
(151, 18, 'PASCO'),
(152, 19, 'AYABACA'),
(153, 19, 'HUANCABAMBA'),
(154, 19, 'MORROPON'),
(155, 19, 'PAITA'),
(156, 19, 'PIURA'),
(157, 19, 'SECHURA'),
(158, 19, 'SULLANA'),
(159, 19, 'TALARA'),
(160, 20, 'PUNO'),
(161, 20, 'AZANGARO'),
(162, 20, 'CARABAYA'),
(163, 20, 'CHUCUITO'),
(164, 20, 'EL COLLAO'),
(165, 20, 'HUANCANE'),
(166, 20, 'LAMPA'),
(167, 20, 'MELGAR'),
(168, 20, 'MOHO'),
(169, 20, 'SAN ANTONIO DE PUTINA'),
(170, 20, 'SAN ROMAN'),
(171, 20, 'SANDIA'),
(172, 20, 'YUNGUYO'),
(173, 21, 'BELLAVISTA'),
(174, 21, 'EL DORADO'),
(175, 21, 'HUALLAGA'),
(176, 21, 'LAMAS'),
(177, 21, 'MARISCAL CACERES'),
(178, 21, 'MOYOBAMBA'),
(179, 21, 'PICOTA'),
(180, 21, 'RIOJA'),
(181, 21, 'SAN MARTIN'),
(182, 21, 'TOCACHE'),
(183, 22, 'TACNA'),
(184, 22, 'CANDARAVE'),
(185, 22, 'JORGE BASADRE'),
(186, 22, 'TARATA'),
(187, 23, 'CONTRALMIRANTE VILLAR'),
(188, 23, 'TUMBES'),
(189, 23, 'ZARUMILLA'),
(190, 24, 'ATALAYA'),
(191, 24, 'CORONEL PORTILLO'),
(192, 24, 'PADRE ABAD'),
(193, 24, 'PURUS'),
(194, 25, 'TAYACAJA'),
(195, 25, 'TAYACAJA'),
(196, 25, 'TAYACAJA');

--
-- Índices para tablas volcadas
--

--
-- Indices de la tabla `departamentos`
--
ALTER TABLE `departamentos`
  ADD PRIMARY KEY (`id_Departamento`);

--
-- Indices de la tabla `distritos`
--
ALTER TABLE `distritos`
  ADD PRIMARY KEY (`id_Distrito`),
  ADD KEY `taDistrito_FKIndex1` (`id_Provincia`);

--
-- Indices de la tabla `personas`
--
ALTER TABLE `personas`
  ADD PRIMARY KEY (`dni`);

--
-- Indices de la tabla `provincias`
--
ALTER TABLE `provincias`
  ADD PRIMARY KEY (`id_Provincia`),
  ADD KEY `id_Departamento` (`id_Departamento`);

--
-- AUTO_INCREMENT de las tablas volcadas
--

--
-- AUTO_INCREMENT de la tabla `departamentos`
--
ALTER TABLE `departamentos`
  MODIFY `id_Departamento` int(10) UNSIGNED NOT NULL AUTO_INCREMENT, AUTO_INCREMENT=26;
--
-- AUTO_INCREMENT de la tabla `distritos`
--
ALTER TABLE `distritos`
  MODIFY `id_Distrito` int(10) UNSIGNED NOT NULL AUTO_INCREMENT, AUTO_INCREMENT=1810;
/*!40101 SET CHARACTER_SET_CLIENT=@OLD_CHARACTER_SET_CLIENT */;
/*!40101 SET CHARACTER_SET_RESULTS=@OLD_CHARACTER_SET_RESULTS */;
/*!40101 SET COLLATION_CONNECTION=@OLD_COLLATION_CONNECTION */;
